Image Data ID,Subject,Group,Sex,Age,Visit,Modality,Description,Type,Acq Date,Format
I13722,002_S_0295,CN,M,85,sc,MRI,MP-RAGE,Original,4/18/2006,DCM
I863056,002_S_0413,CN,F,87,init,MRI,Accelerated Sagittal MPRAGE,Original,6/21/2017,DCM
I831065,002_S_1261,CN,F,81,init,MRI,Accelerated Sagittal MPRAGE,Original,3/15/2017,DCM
I829296,002_S_1280,CN,F,81,init,MRI,Accelerated Sagittal MPRAGE,Original,3/13/2017,DCM
I888008,002_S_4213,CN,F,84,init,MRI,Accelerated Sagittal MPRAGE,Original,8/14/2017,DCM
I1075136,002_S_4225,CN,M,77,init,MRI,Accelerated Sagittal MPRAGE,Original,11/12/2018,DCM
I835740,002_S_6007,CN,F,77,sc,MRI,Accelerated Sagittal MPRAGE,Original,3/31/2017,DCM
I840235,002_S_6009,CN,M,68,sc,MRI,Accelerated Sagittal MPRAGE,Original,4/17/2017,DCM
I861965,002_S_6030,CN,F,65,sc,MRI,Accelerated Sagittal MPRAGE,Original,6/15/2017,DCM
I878146,002_S_6053,CN,M,66,sc,MRI,Accelerated Sagittal MPRAGE,Original,7/18/2017,DCM
I892212,002_S_6066,CN,F,68,sc,MRI,Accelerated Sagittal MPRAGE,Original,8/16/2017,DCM
I938767,002_S_6103,CN,F,70,sc,MRI,Accelerated Sagittal MPRAGE,Original,11/20/2017,DCM
I1021530,002_S_6404,CN,M,66,sc,MRI,Accelerated Sagittal MPRAGE,Original,5/29/2018,DCM
I1017836,002_S_6456,CN,M,86,sc,MRI,Accelerated Sagittal MPRAGE,Original,7/3/2018,DCM
I1151456,002_S_6680,CN,M,64,sc,MRI,Accelerated Sagittal MPRAGE,Original,4/4/2019,DCM
I1249336,003_S_4119,CN,M,88,y2,MRI,Accelerated Sagittal MPRAGE,Original,10/29/2019,DCM
I914999,003_S_4288,CN,F,78,init,MRI,Accelerated Sagittal MPRAGE,Original,10/3/2017,DCM
I1252848,003_S_4350,CN,M,81,y2,MRI,Accelerated Sagittal MPRAGE,Original,11/4/2019,DCM
I1154566,003_S_4441,CN,F,76,y2,MRI,Accelerated Sagittal MPRAGE,Original,4/10/2019,DCM
I863251,003_S_4644,CN,F,73,init,MRI,Accelerated Sagittal MPRAGE,Original,6/21/2017,DCM
I1607792,003_S_4872,CN,F,79,y4,MRI,Accelerated Sagittal MPRAGE,Original,7/21/2022,DCM
I1255144,003_S_4900,CN,F,67,y2,MRI,Accelerated Sagittal MPRAGE,Original,11/8/2019,DCM
I965015,003_S_6014,CN,M,67,sc,MRI,Accelerated Sagittal MPRAGE,Original,2/15/2018,DCM
I912447,003_S_6067,CN,F,63,sc,MRI,Accelerated Sagittal MPRAGE,Original,8/18/2017,DCM
I944379,003_S_6092,CN,F,65,sc,MRI,Accelerated Sagittal MPRAGE,Original,12/8/2017,DCM
I973278,003_S_6256,CN,F,66,sc,MRI,Accelerated Sagittal MPRAGE,Original,3/13/2018,DCM
I974338,003_S_6257,CN,M,62,sc,MRI,Accelerated Sagittal MPRAGE,Original,3/15/2018,DCM
I977365,003_S_6259,CN,M,71,sc,MRI,Accelerated Sagittal MPRAGE,Original,3/23/2018,DCM
I1001084,003_S_6260,CN,M,69,sc,MRI,Accelerated Sagittal MPRAGE,Original,5/22/2018,DCM
I1012896,003_S_6307,CN,M,76,sc,MRI,Accelerated Sagittal MPRAGE,Original,6/19/2018,DCM
I1043769,003_S_6490,CN,F,61,sc,MRI,Accelerated Sagittal MPRAGE,Original,8/28/2018,DCM
I1083042,003_S_6644,CN,M,86,sc,MRI,Accelerated Sagittal MPRAGE,Original,12/4/2018,DCM
I1423364,003_S_6915,CN,F,63,sc,MRI,Accelerated Sagittal MPRAGE,Original,3/19/2021,DCM
I1427086,003_S_6924,CN,F,60,sc,MRI,Accelerated Sagittal MPRAGE,Original,3/30/2021,DCM
I1456305,003_S_6959,CN,M,65,sc,MRI,Accelerated Sagittal MPRAGE,Original,6/16/2021,DCM
I1483860,003_S_6996,CN,F,65,sc,MRI,Accelerated Sagittal MPRAGE,Original,8/23/2021,DCM
I1495816,003_S_7010,CN,M,59,sc,MRI,Accelerated Sagittal MPRAGE,Original,9/23/2021,DCM
I925141,005_S_0602,CN,M,82,init,MRI,Accelerated Sagittal IR-FSPGR,Original,10/30/2017,DCM
I906096,005_S_0610,CN,M,90,init,MRI,Accelerated Sagittal IR-FSPGR,Original,9/20/2017,DCM
I915206,005_S_6084,CN,M,78,sc,MRI,Accelerated Sagittal IR-FSPGR,Original,10/5/2017,DCM
I924228,005_S_6093,CN,F,62,sc,MRI,Accelerated Sagittal IR-FSPGR,Original,10/27/2017,DCM
I928366,006_S_0498,CN,M,82,init,MRI,Sagittal 3D Accelerated MPRAGE,Original,11/6/2017,DCM
I905360,006_S_0731,CN,M,83,init,MRI,Sagittal 3D Accelerated MPRAGE,Original,9/18/2017,DCM
I964841,006_S_4357,CN,F,80,init,MRI,Sagittal 3D Accelerated MPRAGE,Original,2/15/2018,DCM
I1051710,006_S_4485,CN,M,80,y1,MRI,Sagittal 3D Accelerated MPRAGE,Original,9/25/2018,DCM
I963926,006_S_6209,CN,M,72,sc,MRI,Sagittal 3D Accelerated MPRAGE,Original,2/14/2018,DCM
I965825,006_S_6234,CN,F,71,sc,MRI,Sagittal 3D Accelerated MPRAGE,Original,2/19/2018,DCM
I978374,006_S_6277,CN,F,71,sc,MRI,Sagittal 3D Accelerated MPRAGE,Original,3/28/2018,DCM
I1003400,006_S_6375,CN,F,69,sc,MRI,Sagittal 3D Accelerated MPRAGE,Original,5/25/2018,DCM
I1028499,006_S_6500,CN,M,67,sc,MRI,Sagittal 3D Accelerated MPRAGE,Original,7/30/2018,DCM
I955206,007_S_1222,CN,F,84,init,MRI,Accelerated Sagittal MPRAGE,Original,1/17/2018,DCM
I925944,007_S_4387,CN,F,82,init,MRI,Accelerated Sagittal MPRAGE,Original,11/1/2017,DCM
I902659,007_S_4488,CN,M,78,init,MRI,Accelerated Sagittal MPRAGE,Original,9/12/2017,DCM
I942907,007_S_4620,CN,M,83,init,MRI,Accelerated Sagittal MPRAGE,Original,12/5/2017,DCM
I916119,007_S_4637,CN,F,76,init,MRI,Accelerated Sagittal MPRAGE,Original,10/10/2017,DCM
I937847,007_S_6120,CN,M,68,sc,MRI,Accelerated Sagittal MPRAGE,Original,11/17/2017,DCM
I974757,007_S_6255,CN,F,75,sc,MRI,Accelerated Sagittal MPRAGE,Original,3/5/2018,DCM
I983493,007_S_6310,CN,F,67,sc,MRI,Accelerated Sagittal MPRAGE,Original,4/9/2018,DCM
I986872,007_S_6323,CN,M,66,sc,MRI,Accelerated Sagittal MPRAGE,Original,4/17/2018,DCM
I1011962,007_S_6455,CN,F,68,sc,MRI,Accelerated Sagittal MPRAGE,Original,6/19/2018,DCM
I1029029,007_S_6515,CN,F,90,sc,MRI,Accelerated Sagittal MPRAGE,Original,7/16/2018,DCM
I1029013,007_S_6521,CN,F,66,sc,MRI,Accelerated Sagittal MPRAGE,Original,7/17/2018,DCM
I957745,011_S_0021,CN,F,85,init,MRI,Accelerated Sagittal MPRAGE,Original,1/25/2018,DCM
I915862,011_S_4105,CN,F,77,init,MRI,Accelerated Sagittal MPRAGE,Original,10/10/2017,DCM
I940882,011_S_4278,CN,M,81,init,MRI,Accelerated Sagittal MPRAGE,Original,11/30/2017,DCM
I998447,011_S_6367,CN,F,81,sc,MRI,Accelerated Sagittal MPRAGE,Original,5/16/2018,DCM
I1009810,011_S_6418,CN,M,67,sc,MRI,Accelerated Sagittal MPRAGE,Original,6/14/2018,DCM
I1041482,011_S_6465,CN,M,67,sc,MRI,Accelerated Sagittal MPRAGE,Original,6/28/2018,DCM
I1154285,011_S_6714,CN,F,63,sc,MRI,Accelerated Sagittal MPRAGE,Original,4/12/2019,DCM
I1555916,011_S_7028,CN,F,65,sc,MRI,Accelerated Sagittal MPRAGE,Original,3/11/2022,DCM
I1558064,011_S_7048,CN,F,62,sc,MRI,Accelerated Sagittal MPRAGE,Original,3/18/2022,DCM
I1639219,011_S_7112,CN,M,57,sc,MRI,Accelerated Sagittal MPRAGE,Original,11/4/2022,DCM
I914397,012_S_4643,CN,F,71,init,MRI,Accelerated Sagittal MPRAGE,Original,10/3/2017,DCM
I1221673,013_S_6780,CN,F,63,sc,MRI,Accelerated Sagittal MPRAGE,Original,8/8/2019,DCM
I1634180,013_S_7103,CN,F,58,sc,MRI,Accelerated Sagittal MPRAGE,Original,10/24/2022,DCM
I907767,014_S_4401,CN,F,73,init,MRI,Accelerated Sagittal MPRAGE,Original,9/21/2017,DCM
I899473,014_S_4576,CN,F,76,init,MRI,Accelerated Sagittal MPRAGE,Original,9/1/2017,DCM
I907712,014_S_6076,CN,F,59,sc,MRI,Accelerated Sagittal MPRAGE,Original,9/22/2017,DCM
I948081,014_S_6145,CN,F,70,sc,MRI,Accelerated Sagittal MPRAGE,Original,12/18/2017,DCM
I951357,014_S_6148,CN,F,82,sc,MRI,Accelerated Sagittal MPRAGE,Original,12/22/2017,DCM
I966803,014_S_6199,CN,M,69,sc,MRI,Accelerated Sagittal MPRAGE,Original,2/21/2018,DCM
I969431,014_S_6210,CN,F,67,sc,MRI,Accelerated Sagittal MPRAGE,Original,3/2/2018,DCM
I1002374,014_S_6366,CN,M,59,sc,MRI,Accelerated Sagittal MPRAGE,Original,5/24/2018,DCM
I1037394,014_S_6424,CN,F,66,sc,MRI,Accelerated Sagittal MPRAGE,Original,8/15/2018,DCM
I1039134,014_S_6437,CN,M,77,sc,MRI,Accelerated Sagittal MPRAGE,Original,8/21/2018,DCM
I1037418,014_S_6502,CN,F,67,sc,MRI,Accelerated Sagittal MPRAGE_ND,Original,8/15/2018,DCM
I1037958,014_S_6522,CN,M,71,sc,MRI,Accelerated Sagittal MPRAGE,Original,8/17/2018,DCM
I1254386,014_S_6831,CN,F,76,sc,MRI,Accelerated Sagittal MPRAGE,Original,11/7/2019,DCM
I1426128,014_S_6920,CN,F,65,sc,MRI,Accelerated Sagittal MPRAGE,Original,3/29/2021,DCM
I1440034,014_S_6935,CN,F,70,sc,MRI,Accelerated Sagittal MPRAGE,Original,5/6/2021,DCM
I1481579,014_S_6988,CN,F,83,sc,MRI,Accelerated Sagittal MPRAGE,Original,8/17/2021,DCM
I1591455,014_S_7072,CN,F,63,sc,MRI,Accelerated Sagittal MPRAGE,Original,6/16/2022,DCM
I1592044,014_S_7080,CN,F,57,sc,MRI,Accelerated Sagittal MPRAGE,Original,6/17/2022,DCM
I820302,016_S_4951,CN,F,76,init,MRI,Accelerated Sagittal MPRAGE,Original,2/14/2017,DCM
I1000691,016_S_6381,CN,M,73,sc,MRI,Accelerated Sagittal MPRAGE,Original,5/17/2018,DCM
I1194377,016_S_6773,CN,F,55,sc,MRI,Accelerated Sagittal MPRAGE,Original,7/31/2019,DCM
I1194293,016_S_6790,CN,M,78,sc,MRI,Accelerated Sagittal MPRAGE,Original,7/29/2019,DCM
I1261605,016_S_6802,CN,F,63,sc,MRI,Accelerated Sagittal MPRAGE,Original,8/21/2019,DCM
I1256802,016_S_6834,CN,F,82,sc,MRI,Accelerated Sagittal MPRAGE,Original,11/11/2019,DCM
I1285276,016_S_6853,CN,F,67,sc,MRI,Accelerated Sagittal MPRAGE,Original,2/4/2020,DCM
I1373762,016_S_6892,CN,F,66,sc,MRI,Accelerated Sagittal MPRAGE,Original,11/13/2020,DCM
I1435744,016_S_6931,CN,M,73,sc,MRI,Accelerated Sagittal MPRAGE,Original,4/16/2021,DCM
I1499631,016_S_6934,CN,M,67,sc,MRI,Accelerated Sagittal MPRAGE,Original,4/23/2021,DCM
I1446304,016_S_6941,CN,M,62,sc,MRI,Accelerated Sagittal MPRAGE,Original,5/20/2021,DCM
I1445758,016_S_6943,CN,M,75,sc,MRI,Accelerated Sagittal MPRAGE,Original,5/10/2021,DCM
I1458511,016_S_6971,CN,M,73,sc,MRI,Accelerated Sagittal MPRAGE,Original,6/18/2021,DCM
I920960,018_S_4313,CN,F,83,init,MRI,Sagittal 3D Accelerated MPRAGE,Original,10/23/2017,DCM
I883929,018_S_4399,CN,F,84,init,MRI,Sagittal 3D Accelerated MPRAGE,Original,8/8/2017,DCM
I909607,018_S_4400,CN,M,77,init,MRI,Sagittal 3D Accelerated MPRAGE,Original,9/26/2017,DCM
I963722,018_S_6207,CN,F,71,sc,MRI,Sagittal 3D Accelerated MPRAGE,Original,2/13/2018,DCM
I995861,018_S_6351,CN,F,74,sc,MRI,Sagittal 3D Accelerated MPRAGE,Original,5/10/2018,DCM
I854572,019_S_4367,CN,F,71,init,MRI,Sagittal 3D Accelerated MPRAGE,Original,5/23/2017,DCM
I876699,019_S_4835,CN,M,84,init,MRI,Sagittal 3D Accelerated MPRAGE,Original,7/19/2017,DCM
I958499,019_S_6186,CN,M,90,sc,MRI,Sagittal 3D Accelerated MPRAGE,Original,1/29/2018,DCM
I1502705,019_S_7016,CN,M,66,sc,MRI,Sagittal 3D Accelerated 0 angle MPRAGE,Original,10/8/2021,DCM
I958011,020_S_6185,CN,M,83,sc,MRI,Accelerated Sagittal MPRAGE,Original,1/25/2018,DCM
I966268,020_S_6227,CN,F,62,sc,MRI,Accelerated Sagittal MPRAGE,Original,2/20/2018,DCM
I983428,020_S_6282,CN,M,76,sc,MRI,Accelerated Sagittal MPRAGE,Original,4/9/2018,DCM
I996377,020_S_6358,CN,M,75,sc,MRI,Accelerated Sagittal MPRAGE,Original,5/10/2018,DCM
I1018201,020_S_6449,CN,F,66,sc,MRI,Accelerated Sagittal MPRAGE,Original,7/6/2018,DCM
I1021826,020_S_6470,CN,M,69,sc,MRI,Accelerated Sagittal MPRAGE,Original,7/16/2018,DCM
I1027631,020_S_6504,CN,M,69,sc,MRI,Accelerated Sagittal MPRAGE,Original,7/26/2018,DCM
I1029584,020_S_6513,CN,F,66,sc,MRI,Accelerated Sagittal MPRAGE,Original,7/31/2018,DCM
I1045619,020_S_6566,CN,M,73,sc,MRI,Accelerated Sagittal MPRAGE,Original,8/30/2018,DCM
I127032,022_S_0014,CN,F,82,m36,MRI,MPRAGE SAGITTAL,Original,11/5/2008,DCM
I140617,022_S_0066,CN,M,78,m36,MRI,MPRAGE SAGITTAL,Original,4/3/2009,DCM
I94445,022_S_0096,CN,M,82,m24,MRI,MPRAGE SAGITTAL,Original,2/29/2008,DCM
I137806,022_S_0130,CN,M,76,m36,MRI,MPRAGE SAGITTAL,Original,3/3/2009,DCM
I895056,022_S_6069,CN,F,74,sc,MRI,Accelerated Sagittal MPRAGE,Original,8/22/2017,DCM
I1220921,022_S_6797,CN,F,67,sc,MRI,Accelerated Sagittal MPRAGE,Original,8/28/2019,DCM
I1236085,022_S_6822,CN,F,62,sc,MRI,Accelerated Sagittal MPRAGE,Original,10/3/2019,DCM
I987370,023_S_0031,CN,F,90,init,MRI,Accelerated Sagittal MPRAGE,Original,4/17/2018,DCM
I929044,023_S_1190,CN,F,87,init,MRI,Accelerated Sagittal MPRAGE,Original,10/23/2017,DCM
I947480,023_S_4164,CN,M,79,init,MRI,Accelerated Sagittal MPRAGE,Original,12/18/2017,DCM
I942773,023_S_4448,CN,F,70,init,MRI,Accelerated Sagittal MPRAGE,Original,12/4/2017,DCM
I974673,023_S_6270,CN,M,56,sc,MRI,Accelerated Sagittal MPRAGE,Original,3/16/2018,DCM
I996485,023_S_6346,CN,M,67,sc,MRI,Accelerated Sagittal MPRAGE,Original,5/10/2018,DCM
I1002815,023_S_6374,CN,F,64,sc,MRI,Accelerated Sagittal MPRAGE,Original,5/25/2018,DCM
I1003993,023_S_6399,CN,F,64,sc,MRI,Accelerated Sagittal MPRAGE,Original,5/30/2018,DCM
I1004030,023_S_6400,CN,F,64,sc,MRI,Accelerated Sagittal MPRAGE,Original,5/30/2018,DCM
I1032282,023_S_6547,CN,F,67,sc,MRI,Accelerated Sagittal MPRAGE,Original,8/7/2018,DCM
I1195981,023_S_6795,CN,F,68,sc,MRI,Accelerated Sagittal MPRAGE,Original,8/6/2019,DCM
I1479560,024_S_4084,CN,F,79,y4,MRI,Accelerated Sagittal MPRAGE,Original,8/11/2021,DCM
I828694,024_S_6005,CN,F,68,sc,MRI,Accelerated Sagittal MPRAGE,Original,3/9/2017,DCM
I958727,024_S_6184,CN,F,71,sc,MRI,Accelerated Sagittal MPRAGE,Original,1/30/2018,DCM
I963558,024_S_6202,CN,F,70,sc,MRI,Accelerated Sagittal MPRAGE,Original,2/13/2018,DCM
I1003706,024_S_6385,CN,F,67,sc,MRI,Accelerated Sagittal MPRAGE,Original,5/29/2018,DCM
I1016587,024_S_6472,CN,F,68,sc,MRI,Accelerated Sagittal MPRAGE,Original,7/2/2018,DCM
I1120324,027_S_0074,CN,M,91,y2,MRI,Accelerated Sagittal IR-FSPGR,Original,1/24/2019,DCM
I838961,027_S_0120,CN,M,83,init,MRI,Accelerated Sagittal IR-FSPGR,Original,4/13/2017,DCM
I808819,027_S_6001,CN,F,72,sc,MRI,Accelerated Sagittal IR-FSPGR,Original,1/11/2017,DCM
I959453,027_S_6183,CN,M,66,sc,MRI,Accelerated Sagittal IR-FSPGR,Original,2/1/2018,DCM
I996683,027_S_6317,CN,F,81,sc,MRI,Accelerated Sagittal IR-FSPGR,Original,5/11/2018,DCM
I996822,027_S_6327,CN,F,77,sc,MRI,Accelerated Sagittal IR-FSPGR,Original,5/14/2018,DCM
I1050410,027_S_6577,CN,M,67,sc,MRI,Accelerated Sagittal IR-FSPGR,Original,9/20/2018,DCM
I1057804,027_S_6582,CN,M,67,sc,MRI,Accelerated Sagittal IR-FSPGR,Original,10/9/2018,DCM
I1512668,027_S_7024,CN,M,74,sc,MRI,Accelerated Sagittal IR-FSPGR,Original,11/4/2021,DCM
I1086094,031_S_4021,CN,M,74,init,MRI,Sagittal 3D Accelerated MPRAGE,Original,12/13/2018,DCM
I879552,032_S_0677,CN,M,82,init,MRI,Accelerated Sagittal MPRAGE,Original,7/20/2017,DCM
I944327,032_S_4429,CN,M,83,init,MRI,Accelerated Sagittal MPRAGE,Original,12/11/2017,DCM
I974943,032_S_6211,CN,M,81,sc,MRI,Accelerated Sagittal MPRAGE,Original,3/19/2018,DCM
I981036,032_S_6279,CN,M,89,sc,MRI,Accelerated Sagittal MPRAGE,Original,4/4/2018,DCM
I993285,032_S_6293,CN,F,86,sc,MRI,Accelerated Sagittal MPRAGE,Original,5/7/2018,DCM
I992208,032_S_6294,CN,M,82,sc,MRI,Accelerated Sagittal MPRAGE,Original,5/3/2018,DCM
I1147981,032_S_6699,CN,M,67,sc,MRI,Accelerated Sagittal MPRAGE,Original,3/27/2019,DCM
I1154769,032_S_6701,CN,F,71,sc,MRI,Accelerated Sagittal MPRAGE,Original,4/15/2019,DCM
I1157199,032_S_6717,CN,M,75,sc,MRI,Accelerated Sagittal MPRAGE,Original,4/23/2019,DCM
I919238,033_S_0734,CN,M,84,init,MRI,Accelerated Sagittal MPRAGE,Original,10/18/2017,DCM
I943663,033_S_1016,CN,F,89,init,MRI,Accelerated Sagittal MPRAGE,Original,12/6/2017,DCM
I941811,033_S_1098,CN,F,83,init,MRI,Accelerated Sagittal MPRAGE,Original,12/4/2017,DCM
I955473,033_S_4176,CN,M,90,init,MRI,Accelerated Sagittal MPRAGE,Original,1/18/2018,DCM
I956358,033_S_4177,CN,M,91,init,MRI,Accelerated Sagittal MPRAGE,Original,1/23/2018,DCM
I957065,033_S_4179,CN,M,89,init,MRI,Accelerated Sagittal MPRAGE,Original,1/25/2018,DCM
I971748,033_S_6266,CN,F,66,sc,MRI,Accelerated Sagittal MPRAGE,Original,3/9/2018,DCM
I950885,035_S_6160,CN,M,61,sc,MRI,Accelerated Sagittal MPRAGE,Original,1/5/2018,DCM
I961497,035_S_6195,CN,F,70,sc,MRI,Accelerated Sagittal MPRAGE,Original,2/7/2018,DCM
I964917,035_S_6200,CN,M,72,sc,MRI,Accelerated Sagittal MPRAGE,Original,2/9/2018,DCM
I988748,035_S_6306,CN,M,73,sc,MRI,Accelerated Sagittal MPRAGE,Original,4/18/2018,DCM
I1019265,035_S_6488,CN,F,77,sc,MRI,Accelerated Sagittal MPRAGE,Original,7/6/2018,DCM
I1037228,035_S_6551,CN,F,73,sc,MRI,Accelerated Sagittal MPRAGE,Original,8/15/2018,DCM
I1159023,035_S_6722,CN,F,81,sc,MRI,Accelerated Sagittal MPRAGE,Original,4/25/2019,DCM
I1176653,035_S_6730,CN,M,74,sc,MRI,Accelerated Sagittal MPRAGE,Original,6/18/2019,DCM
I1174356,035_S_6739,CN,F,68,sc,MRI,Accelerated Sagittal MPRAGE,Original,6/6/2019,DCM
I1182968,035_S_6751,CN,F,68,sc,MRI,Accelerated Sagittal MPRAGE,Original,6/27/2019,DCM
I1449598,035_S_6946,CN,F,76,sc,MRI,Accelerated Sagittal MPRAGE Phase A-P,Original,5/27/2021,DCM
I1451030,035_S_6948,CN,M,70,sc,MRI,Accelerated Sagittal MPRAGE Phase A-P,Original,5/21/2021,DCM
I1449497,035_S_6950,CN,F,75,sc,MRI,Accelerated Sagittal MPRAGE Phase A-P,Original,5/27/2021,DCM
I1464985,035_S_6967,CN,F,70,sc,MRI,Accelerated Sagittal MPRAGE Phase A-P,Original,6/30/2021,DCM
I1492110,035_S_6999,CN,M,70,sc,MRI,Accelerated Sagittal MPRAGE Phase A-P,Original,9/14/2021,DCM
I1501367,035_S_7004,CN,F,57,sc,MRI,Accelerated Sagittal MPRAGE Phase A-P,Original,9/29/2021,DCM
I1527249,035_S_7030,CN,F,56,sc,MRI,Accelerated Sagittal MPRAGE Phase A-P,Original,12/13/2021,DCM
I1549623,035_S_7043,CN,F,62,sc,MRI,Accelerated Sagittal MPRAGE Phase A-P,Original,2/25/2022,DCM
I1558920,035_S_7050,CN,F,68,sc,MRI,Accelerated Sagittal MPRAGE Phase A-P,Original,3/14/2022,DCM
I1584200,035_S_7076,CN,F,63,sc,MRI,Accelerated Sagittal MPRAGE Phase A-P,Original,5/23/2022,DCM
I1643371,035_S_7115,CN,F,80,sc,MRI,Accelerated Sagittal MPRAGE Phase A-P,Original,11/15/2022,DCM
I930417,036_S_4389,CN,M,87,init,MRI,Accelerated Sagittal MPRAGE,Original,11/8/2017,DCM
I984343,036_S_4491,CN,M,90,init,MRI,Accelerated Sagittal MPRAGE,Original,3/14/2018,DCM
I916492,036_S_6088,CN,F,69,sc,MRI,Accelerated Sagittal MPRAGE,Original,10/12/2017,DCM
I958275,036_S_6189,CN,F,70,sc,MRI,Accelerated Sagittal MPRAGE,Original,1/29/2018,DCM
I991861,036_S_6316,CN,F,78,sc,MRI,Accelerated Sagittal MPRAGE,Original,4/26/2018,DCM
I1059028,036_S_6466,CN,F,68,sc,MRI,Accelerated Sagittal MPRAGE,Original,7/5/2018,DCM
I850396,037_S_0303,CN,M,95,init,MRI,Accelerated Sagittal MPRAGE,Original,5/11/2017,DCM
I900932,037_S_0454,CN,F,93,init,MRI,Accelerated Sagittal MPRAGE,Original,9/6/2017,DCM
I927511,037_S_4028,CN,F,70,init,MRI,Accelerated Sagittal MPRAGE,Original,11/6/2017,DCM
I833977,037_S_4071,CN,M,90,init,MRI,Accelerated Sagittal MPRAGE,Original,3/27/2017,DCM
I894404,037_S_4308,CN,M,80,init,MRI,Accelerated Sagittal MPRAGE,Original,8/24/2017,DCM
I824980,037_S_4410,CN,F,74,init,MRI,Accelerated Sagittal MPRAGE,Original,3/1/2017,DCM
I870102,037_S_6031,CN,F,67,sc,MRI,Accelerated Sagittal MPRAGE,Original,7/3/2017,DCM
I861838,037_S_6032,CN,F,66,sc,MRI,Accelerated Sagittal MPRAGE,Original,6/15/2017,DCM
I874809,037_S_6046,CN,M,76,sc,MRI,Accelerated Sagittal MPRAGE,Original,7/17/2017,DCM
I940645,037_S_6115,CN,F,71,sc,MRI,Accelerated Sagittal MPRAGE,Original,11/30/2017,DCM
I944650,037_S_6144,CN,F,65,sc,MRI,Accelerated Sagittal MPRAGE,Original,12/12/2017,DCM
I973541,037_S_6187,CN,F,74,sc,MRI,Accelerated Sagittal MPRAGE,Original,3/14/2018,DCM
I971779,037_S_6204,CN,M,65,sc,MRI,Accelerated Sagittal MPRAGE,Original,3/9/2018,DCM
I998806,037_S_6271,CN,F,62,sc,MRI,Accelerated Sagittal MPRAGE,Original,5/17/2018,DCM
I1488791,037_S_6951,CN,F,55,sc,MRI,Accelerated Sagittal MPRAGE,Original,9/7/2021,DCM
I1462576,037_S_6956,CN,M,65,sc,MRI,Accelerated Sagittal MPRAGE,Original,7/1/2021,DCM
I1478584,037_S_6963,CN,F,57,sc,MRI,Accelerated Sagittal MPRAGE,Original,8/9/2021,DCM
I1478784,037_S_6974,CN,F,81,sc,MRI,Accelerated Sagittal MPRAGE,Original,8/10/2021,DCM
I1478765,037_S_6977,CN,F,57,sc,MRI,Accelerated Sagittal MPRAGE,Original,8/10/2021,DCM
I1514331,037_S_6992,CN,F,53,sc,MRI,Accelerated Sagittal MPRAGE,Original,11/9/2021,DCM
I1490106,037_S_6993,CN,M,58,sc,MRI,Accelerated Sagittal MPRAGE,Original,9/10/2021,DCM
I1494601,037_S_6995,CN,F,59,sc,MRI,Accelerated Sagittal MPRAGE,Original,9/22/2021,DCM
I1514928,037_S_7006,CN,F,58,sc,MRI,Accelerated Sagittal MPRAGE,Original,11/11/2021,DCM
I1514753,037_S_7011,CN,F,51,sc,MRI,Accelerated Sagittal MPRAGE,Original,11/11/2021,DCM
I1595258,037_S_7035,CN,F,54,sc,MRI,Accelerated Sagittal MPRAGE,Original,6/23/2022,DCM
I873878,041_S_4037,CN,M,82,init,MRI,Accelerated Sagittal MPRAGE,Original,7/13/2017,DCM
I923444,041_S_4200,CN,F,76,init,MRI,Accelerated Sagittal MPRAGE,Original,10/26/2017,DCM
I915902,041_S_4427,CN,M,77,init,MRI,Accelerated Sagittal MPRAGE,Original,10/9/2017,DCM
I944422,041_S_6136,CN,M,61,sc,MRI,Accelerated Sagittal MPRAGE,Original,12/8/2017,DCM
I949924,041_S_6159,CN,M,76,sc,MRI,Accelerated Sagittal MPRAGE,Original,1/3/2018,DCM
I959644,041_S_6192,CN,F,83,sc,MRI,Accelerated Sagittal MPRAGE,Original,1/31/2018,DCM
I980386,041_S_6226,CN,F,66,sc,MRI,Accelerated Sagittal MPRAGE,Original,3/29/2018,DCM
I986709,041_S_6292,CN,M,77,sc,MRI,Accelerated Sagittal MPRAGE,Original,4/17/2018,DCM
I989129,041_S_6314,CN,M,74,sc,MRI,Accelerated Sagittal MPRAGE,Original,4/24/2018,DCM
I1003294,041_S_6354,CN,F,71,sc,MRI,Accelerated Sagittal MPRAGE,Original,5/24/2018,DCM
I1008726,041_S_6401,CN,M,76,sc,MRI,Accelerated Sagittal MPRAGE,Original,6/12/2018,DCM
I1047860,041_S_6447,CN,F,71,sc,MRI,Accelerated Sagittal MPRAGE,Original,9/11/2018,DCM
I1219607,041_S_6785,CN,F,65,sc,MRI,Accelerated Sagittal MPRAGE,Original,8/27/2019,DCM
I1219675,041_S_6786,CN,F,88,sc,MRI,Accelerated Sagittal MPRAGE,Original,8/27/2019,DCM
I1227908,041_S_6801,CN,F,61,sc,MRI,Accelerated Sagittal MPRAGE,Original,9/17/2019,DCM
I137511,051_S_1123,CN,F,78,m24,MRI,MPRAGE Repeat,Original,2/23/2009,DCM
I1029891,052_S_6412,CN,M,68,sc,MRI,Accelerated Sagittal MPRAGE,Original,8/1/2018,DCM
I290814,053_S_4578,CN,F,69,v02,MRI,MPRAGE,Original,3/16/2012,DCM
I1125446,053_S_4578,CN,F,76,init,MRI,Sagittal 3D Accelerated MPRAGE,Original,2/5/2019,DCM
I17388,057_S_0643,CN,F,71,sc,MRI,MPRAGE,Original,6/21/2006,DCM
I23159,057_S_0779,CN,M,80,sc,MRI,MPRAGE,Original,8/16/2006,DCM
I23928,057_S_0818,CN,F,74,sc,MRI,MPRAGE Repeat,Original,9/6/2006,DCM
I23927,057_S_0818,CN,F,74,sc,MRI,MPRAGE,Original,9/6/2006,DCM
I26126,057_S_0934,CN,F,70,sc,MRI,MPRAGE,Original,10/4/2006,DCM
I16203,062_S_0578,CN,F,77,sc,MRI,MPRAGE,Original,5/30/2006,DCM
I20075,062_S_0768,CN,M,77,sc,MRI,MPRAGE,Original,8/2/2006,DCM
I30171,062_S_1099,CN,F,79,sc,MRI,MPRAGE,Original,11/20/2006,DCM
I129564,067_S_0019,CN,F,76,m36,MRI,MPRAGE,Original,12/8/2008,DCM
I7657,067_S_0019,CN,F,73,sc,MRI,MPRAGE,Original,10/12/2005,DCM
I8036,067_S_0024,CN,F,80,sc,MRI,MPRAGE,Original,10/14/2005,DCM
I8584,067_S_0056,CN,F,70,sc,MRI,MPRAGE,Original,11/9/2005,DCM
I9362,067_S_0059,CN,F,71,sc,MRI,MPRAGE,Original,12/12/2005,DCM
I11967,067_S_0177,CN,F,75,sc,MRI,MPRAGE,Original,3/10/2006,DCM
I15717,067_S_0257,CN,F,79,sc,MRI,MPRAGE,Original,5/19/2006,DCM
I874273,067_S_6045,CN,F,72,sc,MRI,Accelerated Sagittal MPRAGE,Original,7/13/2017,DCM
I935436,067_S_6117,CN,M,65,sc,MRI,Accelerated Sagittal MPRAGE,Original,11/21/2017,DCM
I1008180,067_S_6138,CN,F,69,sc,MRI,Accelerated Sagittal MPRAGE,Original,6/8/2018,DCM
I1011188,067_S_6442,CN,M,78,sc,MRI,Accelerated Sagittal MPRAGE,Original,6/15/2018,DCM
I1480313,067_S_6442,CN,M,81,y2,MRI,Accelerated Sagittal MPRAGE,Original,8/11/2021,DCM
I1011216,067_S_6443,CN,F,77,sc,MRI,Accelerated Sagittal MPRAGE,Original,6/15/2018,DCM
I1036122,067_S_6518,CN,F,66,sc,MRI,Accelerated Sagittal MPRAGE,Original,8/9/2018,DCM
I1033265,067_S_6528,CN,F,65,sc,MRI,Accelerated Sagittal MPRAGE,Original,8/8/2018,DCM
I1469940,067_S_6957,CN,M,78,sc,MRI,Accelerated Sagittal MPRAGE,Original,7/16/2021,DCM
I1470151,067_S_6958,CN,F,76,sc,MRI,Accelerated Sagittal MPRAGE,Original,7/16/2021,DCM
I1472365,067_S_6980,CN,M,72,sc,MRI,ADNI3 Accelerated MPRAGE,Original,6/16/2021,DCM
I1565078,067_S_7059,CN,M,58,sc,MRI,Accelerated Sagittal MPRAGE,Original,4/6/2022,DCM
I1571742,067_S_7061,CN,F,59,sc,MRI,Accelerated Sagittal MPRAGE,Original,4/18/2022,DCM
I1568731,067_S_7063,CN,F,56,sc,MRI,Accelerated Sagittal MPRAGE,Original,4/13/2022,DCM
I1583750,067_S_7068,CN,F,63,sc,MRI,Accelerated Sagittal MPRAGE,Original,5/23/2022,DCM
I1604933,067_S_7094,CN,F,59,sc,MRI,Accelerated Sagittal MPRAGE,Original,7/12/2022,DCM
I11133,068_S_0127,CN,M,71,sc,MRI,ADNI       MPRAGE,Original,2/14/2006,DCM
I11235,068_S_0210,CN,F,72,sc,MRI,ADNI       MPRAGE,Original,2/16/2006,DCM
I14483,068_S_0473,CN,M,73,sc,MRI,ADNI       MPRAGE,Original,5/3/2006,DCM
I37333,068_S_1191,CN,M,79,sc,MRI,ADNI       MPRAGE,Original,1/23/2007,DCM
I251996,068_S_4174,CN,F,74,v02,MRI,MPRAGE,Original,8/19/2011,DCM
I268979,068_S_4340,CN,F,67,v02,MRI,MPRAGE,Original,11/28/2011,DCM
I274494,068_S_4424,CN,F,66,v02,MRI,MPRAGE,Original,12/23/2011,DCM
I318607,070_S_4856,CN,F,65,v02,MRI,MPRAGE,Original,7/25/2012,DCM
I348757,070_S_5040,CN,F,76,v02,MRI,MPRAGE,Original,12/3/2012,DCM
I958916,070_S_6191,CN,F,56,sc,MRI,Accelerated Sagittal MPRAGE,Original,1/30/2018,DCM
I1006805,070_S_6386,CN,F,69,sc,MRI,Accelerated Sagittal MPRAGE,Original,6/7/2018,DCM
I1009372,070_S_6394,CN,F,67,sc,MRI,Accelerated Sagittal MPRAGE,Original,6/13/2018,DCM
I1031290,070_S_6542,CN,F,63,sc,MRI,Accelerated Sagittal MPRAGE,Original,8/6/2018,DCM
I1032324,070_S_6548,CN,F,57,sc,MRI,Accelerated Sagittal MPRAGE,Original,8/8/2018,DCM
I1334631,070_S_6886,CN,F,80,sc,MRI,Accelerated Sagittal MPRAGE,Original,9/9/2020,DCM
I1446679,070_S_6942,CN,F,60,sc,MRI,Accelerated Sagittal MPRAGE,Original,5/24/2021,DCM
I1461224,070_S_6966,CN,M,62,sc,MRI,Accelerated Sagittal MPRAGE,Original,6/28/2021,DCM
I12559,072_S_0315,CN,M,72,sc,MRI,MPRAGE 2ND,Original,3/29/2006,DCM
I245969,072_S_4103,CN,M,71,v02,MRI,MPRAGE,Original,7/20/2011,DCM
I276963,072_S_4391,CN,M,75,v02,MRI,MPRAGE,Original,1/6/2012,DCM
I10365,073_S_0089,CN,M,65,sc,MRI,MPRAGE,Original,1/26/2006,DCM
I16255,073_S_0311,CN,F,78,sc,MRI,MPRAGE,Original,5/31/2006,DCM
I16274,073_S_0312,CN,M,83,sc,MRI,MPRAGE,Original,5/31/2006,DCM
I14189,073_S_0386,CN,F,72,sc,MRI,MPRAGE Repeat,Original,4/20/2006,DCM
I247636,073_S_4155,CN,F,78,v02,MRI,MPRAGE,Original,7/28/2011,DCM
I266888,073_S_4382,CN,F,76,v02,MRI,MPRAGE,Original,11/15/2011,DCM
I268159,073_S_4393,CN,M,74,v02,MRI,MPRAGE,Original,11/22/2011,DCM
I285070,073_S_4552,CN,M,63,v02,MRI,MPRAGE GRAPPA2,Original,2/15/2012,DCM
I285080,073_S_4552,CN,M,63,v02,MRI,MPRAGE,Original,2/15/2012,DCM
I286553,073_S_4559,CN,F,67,v02,MRI,MPRAGE,Original,2/24/2012,DCM
I304867,073_S_4739,CN,M,65,v02,MRI,MPRAGE,Original,5/16/2012,DCM
I314311,073_S_4762,CN,M,74,v02,MRI,MPRAGE,Original,5/24/2012,DCM
I308459,073_S_4795,CN,M,61,v02,MRI,MPRAGE,Original,6/6/2012,DCM
I393941,073_S_5023,CN,F,64,v02,MRI,MPRAGE,Original,6/13/2012,DCM
I1469766,073_S_6670,CN,F,59,sc,MRI,Accelerated Sagittal MPRAGE,Original,4/1/2021,DCM
I1469708,073_S_6907,CN,M,66,sc,MRI,Accelerated Sagittal MPRAGE,Original,3/17/2021,DCM
I1469814,073_S_6925,CN,M,57,sc,MRI,Accelerated Sagittal MPRAGE,Original,4/15/2021,DCM
I1469854,073_S_6952,CN,F,67,sc,MRI,Accelerated Sagittal MPRAGE,Original,6/25/2021,DCM
I1609767,073_S_7082,CN,F,61,sc,MRI,Accelerated Sagittal MPRAGE,Original,7/20/2022,DCM
I12573,082_S_0304,CN,F,71,sc,MRI,MPRAGE,Original,3/21/2006,DCM
I13204,082_S_0363,CN,F,72,sc,MRI,MPRAGE,Original,3/28/2006,DCM
I18602,082_S_0640,CN,F,73,sc,MRI,MPRAGE Repeat,Original,7/3/2006,DCM
I23173,082_S_0761,CN,M,71,sc,MRI,MPRAGE Repeat,Original,8/7/2006,DCM
I41132,082_S_1256,CN,F,72,sc,MRI,MPRAGE Repeat,Original,2/16/2007,DCM
I241094,082_S_4090,CN,M,71,v02,MRI,MPRAGE,Original,6/20/2011,DCM
I253469,082_S_4208,CN,M,78,v02,MRI,MPRAGE,Original,8/30/2011,DCM
I257382,082_S_4224,CN,M,75,v02,MRI,MPRAGE,Original,9/21/2011,DCM
I265938,082_S_4339,CN,M,84,v02,MRI,MPRAGE,Original,11/9/2011,DCM
I273679,082_S_4428,CN,M,73,v02,MRI,MPRAGE,Original,12/20/2011,DCM
I992246,082_S_6197,CN,F,72,sc,MRI,Accelerated Sagittal MPRAGE,Original,5/2/2018,DCM
I992286,082_S_6283,CN,F,67,sc,MRI,Accelerated Sagittal MPRAGE,Original,5/2/2018,DCM
I998049,082_S_6287,CN,F,69,sc,MRI,Accelerated Sagittal MPRAGE,Original,5/15/2018,DCM
I1031067,082_S_6415,CN,F,72,sc,MRI,Accelerated Sagittal MPRAGE,Original,8/1/2018,DCM
I1051051,082_S_6563,CN,M,69,sc,MRI,Accelerated Sagittal MPRAGE,Original,9/19/2018,DCM
I1049350,082_S_6564,CN,F,71,sc,MRI,Accelerated Sagittal MPRAGE,Original,9/17/2018,DCM
I1079630,082_S_6629,CN,F,57,sc,MRI,Accelerated Sagittal MPRAGE,Original,11/23/2018,DCM
I1695112,082_S_7122,CN,F,67,sc,MRI,Accelerated Sagittal MPRAGE,Original,4/4/2023,DCM
I953644,094_S_4649,CN,M,71,init,MRI,Accelerated Sagittal MPRAGE,Original,1/10/2018,DCM
I979816,094_S_6250,CN,F,72,sc,MRI,Accelerated Sagittal MPRAGE,Original,3/29/2018,DCM
I979935,094_S_6269,CN,F,70,sc,MRI,Accelerated Sagittal MPRAGE,Original,3/27/2018,DCM
I986502,094_S_6275,CN,F,58,sc,MRI,Accelerated Sagittal MPRAGE,Original,4/16/2018,DCM
I1002458,094_S_6278,CN,F,81,sc,MRI,Accelerated Sagittal MPRAGE,Original,5/24/2018,DCM
I1013527,094_S_6417,CN,M,78,sc,MRI,Accelerated Sagittal MPRAGE,Original,6/22/2018,DCM
I1014522,094_S_6419,CN,M,76,sc,MRI,Accelerated Sagittal MPRAGE,Original,6/27/2018,DCM
I1019224,094_S_6440,CN,F,68,sc,MRI,Accelerated Sagittal MPRAGE,Original,7/6/2018,DCM
I1024384,094_S_6468,CN,M,69,sc,MRI,Accelerated Sagittal MPRAGE,Original,7/19/2018,DCM
I1024116,094_S_6485,CN,F,72,sc,MRI,Accelerated Sagittal MPRAGE,Original,7/19/2018,DCM
I8224,099_S_0040,CN,M,73,sc,MRI,MPRAGE,Original,10/24/2005,DCM
I9850,099_S_0090,CN,M,70,sc,MRI,MPRAGE,Original,1/11/2006,DCM
I13166,099_S_0352,CN,F,77,sc,MRI,MPRAGE,Original,4/7/2006,DCM
I16051,099_S_0533,CN,F,81,sc,MRI,MPRAGE,Original,5/25/2006,DCM
I14611,099_S_0534,CN,M,63,sc,MRI,MPRAGE,Original,5/4/2006,DCM
I109641,099_S_0534,CN,M,65,m24,MRI,MPRAGE Repeat,Original,6/16/2008,DCM
I239985,099_S_4076,CN,F,73,v02,MRI,MPRAGE,Original,6/14/2011,DCM
I242231,099_S_4086,CN,M,82,v02,MRI,MPRAGE,Original,6/28/2011,DCM
I243001,099_S_4104,CN,M,72,v02,MRI,MPRAGE,Original,7/1/2011,DCM
I7294,100_S_0015,CN,M,81,sc,MRI,ADNI STUDY MPRAGE1,Original,9/26/2005,DCM
I8120,100_S_0035,CN,M,77,sc,MRI,ADNI STUDY MPRAGE1,Original,10/20/2005,DCM
I8899,100_S_0047,CN,M,85,sc,MRI,ADNI STUDY MPRAGE2,Original,11/17/2005,DCM
I9417,100_S_0069,CN,M,73,sc,MRI,ADNI STUDY MPRAGE1,Original,12/13/2005,DCM
I41601,100_S_1286,CN,F,76,sc,MRI,ADNI-R11   MPRAGE,Original,2/20/2007,DCM
I289564,100_S_4469,CN,M,66,v02,MRI,MPRAGE,Original,3/8/2012,DCM
I289653,100_S_4511,CN,M,70,v02,MRI,MPRAGE,Original,3/9/2012,DCM
I387095,100_S_5246,CN,F,66,v02,MRI,MPRAGE,Original,8/20/2013,DCM
I953555,100_S_6164,CN,F,69,sc,MRI,Sagittal 3D Accelerated MPRAGE,Original,1/16/2018,DCM
I1285929,100_S_6164,CN,F,71,y2,MRI,Sagittal 3D Accelerated MPRAGE,Original,2/6/2020,DCM
I984878,100_S_6273,CN,F,66,sc,MRI,Sagittal 3D Accelerated MPRAGE,Original,4/2/2018,DCM
I990027,100_S_6308,CN,M,71,sc,MRI,Sagittal 3D Accelerated MPRAGE,Original,4/26/2018,DCM
I998328,100_S_6349,CN,M,74,sc,MRI,Sagittal 3D Accelerated MPRAGE,Original,5/16/2018,DCM
I1050518,100_S_6493,CN,M,80,sc,MRI,Sagittal 3D Accelerated MPRAGE,Original,9/18/2018,DCM
I1052843,100_S_6578,CN,M,67,sc,MRI,Sagittal 3D Accelerated MPRAGE,Original,9/27/2018,DCM
I24213,109_S_0840,CN,F,76,sc,MRI,MPRAGE,Original,9/7/2006,DCM
I24763,109_S_0876,CN,F,76,sc,MRI,MPRAGE,Original,9/19/2006,DCM
I27640,109_S_0967,CN,M,77,sc,MRI,MPRAGE,Original,10/23/2006,DCM
I29780,109_S_1013,CN,M,78,sc,MRI,MPRAGE,Original,11/8/2006,DCM
I35526,109_S_1014,CN,F,85,sc,MRI,MPRAGE,Original,12/28/2006,DCM
I969812,109_S_6213,CN,M,71,sc,MRI,Accelerated Sagittal MPRAGE,Original,2/28/2018,DCM
I982856,109_S_6218,CN,F,63,sc,MRI,Accelerated Sagittal MPRAGE,Original,4/2/2018,DCM
I1028011,109_S_6405,CN,F,71,sc,MRI,Accelerated Sagittal MPRAGE,Original,7/27/2018,DCM
I11019,114_S_0166,CN,F,73,sc,MRI,MPRAGE,Original,2/10/2006,DCM
I11033,114_S_0173,CN,M,73,sc,MRI,MPRAGE,Original,2/10/2006,DCM
I28647,114_S_0416,CN,F,73,m06,MRI,MPRAGE,Original,11/1/2006,DCM
I16482,114_S_0601,CN,F,77,sc,MRI,MPRAGE,Original,6/5/2006,DCM
I923016,114_S_6057,CN,F,72,sc,MRI,Accelerated Sagittal MPRAGE,Original,10/20/2017,DCM
I939884,114_S_6063,CN,F,74,sc,MRI,Accelerated Sagittal MPRAGE,Original,11/13/2017,DCM
I970020,114_S_6113,CN,M,76,sc,MRI,Accelerated Sagittal MPRAGE,Original,2/20/2018,DCM
I980928,114_S_6251,CN,F,66,sc,MRI,Accelerated Sagittal MPRAGE,Original,3/27/2018,DCM
I992776,114_S_6309,CN,F,65,sc,MRI,Accelerated Sagittal MPRAGE,Original,4/26/2018,DCM
I1047619,114_S_6429,CN,F,69,sc,MRI,Accelerated Sagittal MPRAGE,Original,8/30/2018,DCM
I1060030,114_S_6462,CN,M,70,sc,MRI,Accelerated Sagittal MPRAGE,Original,10/4/2018,DCM
I1054709,114_S_6487,CN,M,69,sc,MRI,Accelerated Sagittal MPRAGE,Original,9/21/2018,DCM
I1064839,114_S_6524,CN,F,67,sc,MRI,Accelerated Sagittal MPRAGE,Original,10/18/2018,DCM
I1237740,114_S_6813,CN,M,67,sc,MRI,Accelerated Sagittal MPRAGE,Original,10/1/2019,DCM
I1438743,114_S_6917,CN,F,64,sc,MRI,Accelerated Sagittal MPRAGE,Original,4/16/2021,DCM
I17318,116_S_0382,CN,F,76,bl,MRI,MPRAGE,Original,6/13/2006,DCM
I41676,116_S_1232,CN,F,72,bl,MRI,MPRAGE,Original,2/23/2007,DCM
I42154,116_S_1249,CN,F,71,bl,MRI,MPRAGE,Original,3/1/2007,DCM
I225667,116_S_4010,CN,F,71,v02,MRI,MPRAGE,Original,3/31/2011,DCM
I235313,116_S_4043,CN,M,82,v02,MRI,MPRAGE,Original,5/17/2011,DCM
I241692,116_S_4092,CN,F,82,v02,MRI,MPRAGE,Original,6/24/2011,DCM
I280149,116_S_4453,CN,M,66,v02,MRI,MPRAGE,Original,1/18/2012,DCM
I280672,116_S_4483,CN,F,70,v02,MRI,MPRAGE,Original,1/25/2012,DCM
I321271,116_S_4855,CN,M,84,v02,MRI,MPRAGE,Original,7/20/2012,DCM
I957994,116_S_6119,CN,F,67,sc,MRI,Accelerated Sagittal MPRAGE,Original,1/29/2018,DCM
I944155,116_S_6129,CN,F,62,sc,MRI,Accelerated Sagittal MPRAGE,Original,12/7/2017,DCM
I945601,116_S_6133,CN,F,69,sc,MRI,Accelerated Sagittal MPRAGE,Original,12/12/2017,DCM
I1015823,116_S_6439,CN,F,66,sc,MRI,Accelerated Sagittal MPRAGE,Original,6/29/2018,DCM
I1018889,116_S_6458,CN,M,74,sc,MRI,Accelerated Sagittal MPRAGE,Original,7/9/2018,DCM
I1047168,116_S_6517,CN,F,70,sc,MRI,Accelerated Sagittal MPRAGE,Original,9/10/2018,DCM
I1029553,116_S_6537,CN,F,71,sc,MRI,Accelerated Sagittal MPRAGE,Original,7/31/2018,DCM
I1069428,116_S_6624,CN,M,65,sc,MRI,Accelerated Sagittal MPRAGE,Original,11/2/2018,DCM
I1176879,116_S_6750,CN,M,75,sc,MRI,Accelerated Sagittal MPRAGE,Original,6/18/2019,DCM
I9752,123_S_0072,CN,M,71,sc,MRI,ADNI       MPRAGE,Original,1/4/2006,DCM
I10126,123_S_0106,CN,F,73,sc,MRI,ADNI       MPRAGE,Original,1/20/2006,DCM
I11714,123_S_0113,CN,M,75,sc,MRI,ADNI       MPRAGE,Original,3/8/2006,DCM
I13393,123_S_0298,CN,M,77,sc,MRI,ADNI       MPRAGE,Original,4/11/2006,DCM
I269078,123_S_4362,CN,F,68,v02,MRI,MPRAGE,Original,11/28/2011,DCM
I269075,123_S_4362,CN,F,68,v02,MRI,MPRAGE GRAPPA2,Original,11/28/2011,DCM
I26467,128_S_0229,CN,F,75,m06,MRI,MPRAGE,Original,10/17/2006,DCM
I26475,128_S_0230,CN,M,81,m06,MRI,MPRAGE,Original,10/17/2006,DCM
I26049,128_S_0245,CN,F,74,m06,MRI,MPRAGE,Original,10/10/2006,DCM
I26217,128_S_0272,CN,F,71,m06,MRI,MPRAGE,Original,10/12/2006,DCM
I29720,128_S_0500,CN,M,78,m06,MRI,MPRAGE NO ANGLE,Original,11/15/2006,DCM
I33370,128_S_0522,CN,M,71,m06,MRI,MPRAGE NO ANGLE,Original,12/15/2006,DCM
I33138,128_S_0545,CN,M,73,m06,MRI,MPRAGE NO ANGLE,Original,12/13/2006,DCM
I24984,128_S_0863,CN,M,79,sc,MRI,MPRAGE,Original,9/25/2006,DCM
I38196,128_S_1242,CN,F,71,sc,MRI,REPEAT SAG 3D MPRAGE,Original,2/5/2007,DCM
I308307,128_S_4586,CN,M,76,v02,MRI,MPRAGE,Original,6/5/2012,DCM
I290869,128_S_4599,CN,M,60,v02,MRI,MPRAGE,Original,3/17/2012,DCM
I293375,128_S_4607,CN,F,56,v02,MRI,MPRAGE,Original,3/26/2012,DCM
I296085,128_S_4609,CN,F,82,v02,MRI,MPRAGE,Original,4/4/2012,DCM
I315671,128_S_4832,CN,M,70,v02,MRI,MPRAGE,Original,7/9/2012,DCM
I334144,129_S_0778,CN,M,79,v11,MRI,MPRAGE,Original,9/13/2012,DCM
I322057,129_S_4369,CN,M,69,v05,MRI,MPRAGE,Original,8/7/2012,DCM
I316545,129_S_4371,CN,M,68,v05,MRI,MPRAGE,Original,7/17/2012,DCM
I350736,129_S_4396,CN,F,80,v11,MRI,MPRAGE,Original,12/11/2012,DCM
I317117,129_S_4422,CN,F,71,v05,MRI,MPRAGE,Original,7/20/2012,DCM
I26364,130_S_0886,CN,F,71,bl,MRI,MPRAGE SENSE,Original,10/16/2006,DCM
I30039,130_S_0969,CN,M,70,bl,MRI,MPRAGE SENSE,Original,11/6/2006,DCM
I266217,130_S_4343,CN,M,80,v02,MRI,MPRAGE,Original,11/9/2011,DCM
I267711,130_S_4352,CN,M,84,v02,MRI,MPRAGE,Original,11/15/2011,DCM
I854993,130_S_6019,CN,M,82,sc,MRI,Sagittal 3D Accelerated MPRAGE,Original,5/24/2017,DCM
I938631,130_S_6027,CN,F,76,sc,MRI,Sagittal 3D Accelerated MPRAGE,Original,10/13/2017,DCM
I914208,130_S_6035,CN,M,84,sc,MRI,Sagittal 3D Accelerated MPRAGE,Original,10/2/2017,DCM
I873168,130_S_6037,CN,M,67,sc,MRI,Sagittal 3D Accelerated MPRAGE,Original,7/11/2017,DCM
I871899,130_S_6043,CN,M,79,sc,MRI,Sagittal 3D Accelerated MPRAGE,Original,7/6/2017,DCM
I926577,130_S_6105,CN,F,75,sc,MRI,Sagittal 3D Accelerated MPRAGE,Original,10/31/2017,DCM
I931215,130_S_6111,CN,F,73,sc,MRI,Sagittal 3D Accelerated MPRAGE,Original,11/13/2017,DCM
I947239,130_S_6137,CN,F,81,sc,MRI,Sagittal 3D Accelerated MPRAGE,Original,12/15/2017,DCM
I950330,130_S_6161,CN,F,66,sc,MRI,Sagittal 3D Accelerated MPRAGE,Original,1/3/2018,DCM
I990195,130_S_6319,CN,M,68,sc,MRI,Sagittal 3D Accelerated MPRAGE,Original,4/27/2018,DCM
I1009041,130_S_6361,CN,F,78,sc,MRI,Sagittal 3D Accelerated MPRAGE,Original,6/11/2018,DCM
I1001329,130_S_6372,CN,M,84,sc,MRI,Sagittal 3D Accelerated MPRAGE,Original,5/22/2018,DCM
I1051867,130_S_6388,CN,F,78,sc,MRI,Sagittal 3D Accelerated MPRAGE,Original,9/25/2018,DCM
I1010018,130_S_6390,CN,F,69,sc,MRI,Sagittal 3D Accelerated MPRAGE,Original,6/13/2018,DCM
I1010734,130_S_6391,CN,F,66,sc,MRI,Sagittal 3D Accelerated MPRAGE,Original,6/13/2018,DCM
I1020036,130_S_6469,CN,F,71,sc,MRI,Sagittal 3D Accelerated MPRAGE,Original,7/11/2018,DCM
I1051832,130_S_6558,CN,F,71,sc,MRI,Sagittal 3D Accelerated MPRAGE,Original,9/24/2018,DCM
I997517,131_S_6170,CN,F,58,sc,MRI,Sagittal 3D Accelerated MPRAGE,Original,5/14/2018,DCM
I1032569,131_S_6519,CN,F,75,sc,MRI,Sagittal 3D Accelerated MPRAGE,Original,7/31/2018,DCM
I1137476,131_S_6692,CN,M,76,sc,MRI,Sagittal 3D Accelerated MPRAGE,Original,2/28/2019,DCM
I15756,133_S_0433,CN,F,86,bl,MRI,MPRAGE,Original,5/19/2006,DCM
I16437,133_S_0488,CN,F,71,bl,MRI,MPRAGE,Original,6/2/2006,DCM
I16335,133_S_0493,CN,M,78,bl,MRI,MPRAGE,Original,5/31/2006,DCM
I18379,133_S_0525,CN,F,70,bl,MRI,MPRAGE,Original,7/10/2006,DCM
I278378,135_S_4446,CN,F,68,v02,MRI,MPRAGE,Original,1/17/2012,DCM
I288820,135_S_4566,CN,F,84,v02,MRI,MPRAGE,Original,3/7/2012,DCM
I291138,135_S_4598,CN,F,65,v02,MRI,MPRAGE,Original,3/20/2012,DCM
I14712,136_S_0086,CN,F,80,bl,MRI,MPRAGE 3dtf,Original,5/8/2006,DCM
I12444,136_S_0184,CN,F,78,bl,MRI,MPRAGE 3dtf,Original,3/27/2006,DCM
I365084,136_S_0186,CN,F,87,v11,MRI,MPRAGE,Original,10/11/2012,DCM
I14326,136_S_0196,CN,F,78,bl,MRI,MPRAGE 3dtf,Original,5/1/2006,DCM
I264215,136_S_4269,CN,F,66,v02,MRI,MPRAGE,Original,10/31/2011,DCM
I278511,136_S_4433,CN,F,77,v02,MRI,MPRAGE,Original,1/16/2012,DCM
I308396,136_S_4726,CN,F,72,v02,MRI,MPRAGE,Original,6/5/2012,DCM
I308415,136_S_4727,CN,F,73,v02,MRI,MPRAGE,Original,6/5/2012,DCM
I300074,137_S_0301,CN,F,80,v11,MRI,MPRAGE,Original,4/20/2012,DCM
I348715,137_S_0972,CN,M,84,v11,MRI,MPRAGE,Original,11/30/2012,DCM
I280773,137_S_4466,CN,M,80,v02,MRI,MPRAGE,Original,1/25/2012,DCM
I285105,137_S_4482,CN,F,77,v02,MRI,MPRAGE,Original,2/16/2012,DCM
I287510,137_S_4520,CN,M,68,v02,MRI,MPRAGE,Original,3/1/2012,DCM
I297501,137_S_4587,CN,F,66,v02,MRI,MPRAGE,Original,4/16/2012,DCM
I301663,137_S_4632,CN,M,68,v02,MRI,MPRAGE,Original,5/3/2012,DCM
I915810,137_S_6060,CN,F,69,sc,MRI,Accelerated Sagittal MPRAGE,Original,10/10/2017,DCM
I1222159,137_S_6794,CN,F,67,sc,MRI,Accelerated Sagittal MPRAGE,Original,8/30/2019,DCM
I1242424,137_S_6826,CN,M,68,sc,MRI,Accelerated Sagittal MPRAGE,Original,10/17/2019,DCM
I23609,141_S_0717,CN,M,76,sc,MRI,MPRAGE,Original,8/27/2006,DCM
I23517,141_S_0726,CN,M,81,sc,MRI,MPRAGE,Original,8/27/2006,DCM
I23491,141_S_0767,CN,F,73,sc,MRI,MPRAGE,Original,8/27/2006,DCM
I26527,141_S_0810,CN,M,84,sc,MRI,MPRAGE,Original,10/17/2006,DCM
I31401,141_S_1094,CN,M,76,sc,MRI,MPRAGE,Original,11/21/2006,DCM
I839474,141_S_6008,CN,F,63,sc,MRI,Accelerated Sagittal MPRAGE,Original,4/12/2017,DCM
I851352,141_S_6015,CN,M,68,sc,MRI,Accelerated Sagittal MPRAGE,Original,5/11/2017,DCM
I883190,141_S_6042,CN,F,61,sc,MRI,Accelerated Sagittal MPRAGE,Original,8/5/2017,DCM
I887923,141_S_6061,CN,F,74,sc,MRI,Accelerated Sagittal MPRAGE,Original,8/13/2017,DCM
I935952,141_S_6116,CN,F,70,sc,MRI,Accelerated Sagittal MPRAGE,Original,11/19/2017,DCM
I961824,141_S_6178,CN,F,66,sc,MRI,Accelerated Sagittal MPRAGE,Original,2/8/2018,DCM
I974280,141_S_6240,CN,M,67,sc,MRI,Accelerated Sagittal MPRAGE,Original,3/11/2018,DCM
I974714,141_S_6253,CN,F,66,sc,MRI,Accelerated Sagittal MPRAGE,Original,3/18/2018,DCM
I1018186,141_S_6416,CN,F,69,sc,MRI,Accelerated Sagittal MPRAGE,Original,6/30/2018,DCM
I1018387,141_S_6423,CN,M,81,sc,MRI,Accelerated Sagittal MPRAGE,Original,6/28/2018,DCM
I1072748,141_S_6589,CN,F,67,sc,MRI,Accelerated Sagittal MPRAGE,Original,11/7/2018,DCM
I1324187,141_S_6872,CN,F,66,sc,MRI,Accelerated Sagittal MPRAGE,Original,7/23/2020,DCM
I245820,153_S_4125,CN,F,76,v02,MRI,MPRAGE,Original,7/20/2011,DCM
I250181,153_S_4139,CN,F,71,v02,MRI,MPRAGE,Original,8/11/2011,DCM
I251754,153_S_4151,CN,M,72,v02,MRI,MPRAGE,Original,8/18/2011,DCM
I269347,153_S_4372,CN,F,70,v02,MRI,MPRAGE,Original,11/30/2011,DCM
I970943,153_S_6237,CN,F,61,sc,MRI,Accelerated Sagittal MPRAGE,Original,2/27/2018,DCM
I1348108,168_S_6049,CN,F,76,y2,MRI,Accelerated Sagittal MPRAGE,Original,10/12/2020,DCM
I916365,168_S_6049,CN,F,73,sc,MRI,Accelerated Sagittal MPRAGE,Original,10/11/2017,DCM
I874879,168_S_6051,CN,F,66,sc,MRI,Accelerated Sagittal MPRAGE,Original,7/13/2017,DCM
I892759,168_S_6059,CN,F,65,sc,MRI,Accelerated Sagittal MPRAGE,Original,8/14/2017,DCM
I892771,168_S_6062,CN,F,67,sc,MRI,Accelerated Sagittal MPRAGE,Original,8/17/2017,DCM
I899030,168_S_6064,CN,F,69,sc,MRI,Accelerated Sagittal MPRAGE,Original,8/24/2017,DCM
I900796,168_S_6065,CN,F,71,sc,MRI,Accelerated Sagittal MPRAGE,Original,9/5/2017,DCM
I916399,168_S_6085,CN,F,56,sc,MRI,Accelerated Sagittal MPRAGE,Original,10/3/2017,DCM
I917090,168_S_6086,CN,F,70,sc,MRI,Accelerated Sagittal MPRAGE,Original,10/13/2017,DCM
I925573,168_S_6098,CN,M,63,sc,MRI,Accelerated Sagittal MPRAGE,Original,10/31/2017,DCM
I930689,168_S_6107,CN,F,65,sc,MRI,Accelerated Sagittal MPRAGE,Original,11/13/2017,DCM
I930626,168_S_6108,CN,M,72,sc,MRI,Accelerated Sagittal MPRAGE,Original,11/13/2017,DCM
I944772,168_S_6121,CN,F,69,sc,MRI,Accelerated Sagittal MPRAGE,Original,12/12/2017,DCM
I945134,168_S_6128,CN,F,70,sc,MRI,Accelerated Sagittal MPRAGE,Original,12/13/2017,DCM
I951181,168_S_6131,CN,F,68,sc,MRI,Accelerated Sagittal MPRAGE,Original,1/8/2018,DCM
I947540,168_S_6151,CN,M,65,sc,MRI,Accelerated Sagittal MPRAGE,Original,12/19/2017,DCM
I968225,168_S_6233,CN,F,76,sc,MRI,Accelerated Sagittal MPRAGE,Original,2/26/2018,DCM
I983641,168_S_6281,CN,F,80,sc,MRI,Accelerated Sagittal MPRAGE,Original,4/9/2018,DCM
I986205,168_S_6285,CN,F,67,sc,MRI,Accelerated Sagittal MPRAGE,Original,4/17/2018,DCM
I987768,168_S_6318,CN,F,69,sc,MRI,Accelerated Sagittal MPRAGE,Original,4/19/2018,DCM
I992613,168_S_6321,CN,M,73,sc,MRI,Accelerated Sagittal MPRAGE,Original,5/3/2018,DCM
I997533,168_S_6350,CN,F,77,sc,MRI,Accelerated Sagittal MPRAGE,Original,5/14/2018,DCM
I998432,168_S_6371,CN,M,67,sc,MRI,Accelerated Sagittal MPRAGE,Original,5/16/2018,DCM
I1008547,168_S_6413,CN,F,78,sc,MRI,Accelerated Sagittal MPRAGE,Original,6/11/2018,DCM
I1031685,168_S_6492,CN,F,70,sc,MRI,Accelerated Sagittal MPRAGE,Original,8/6/2018,DCM
I992799,177_S_6328,CN,M,70,sc,MRI,Sagittal 3D Accelerated MPRAGE,Original,5/4/2018,DCM
I995457,177_S_6335,CN,M,67,sc,MRI,Sagittal 3D Accelerated MPRAGE,Original,5/9/2018,DCM
I1008024,177_S_6408,CN,F,60,sc,MRI,Sagittal 3D Accelerated MPRAGE,Original,6/6/2018,DCM
I1029048,177_S_6409,CN,F,58,sc,MRI,Sagittal 3D Accelerated MPRAGE,Original,6/20/2018,DCM
I1014139,177_S_6420,CN,F,72,sc,MRI,Sagittal 3D Accelerated MPRAGE,Original,6/25/2018,DCM
I1018523,177_S_6448,CN,M,68,sc,MRI,Sagittal 3D Accelerated MPRAGE,Original,7/3/2018,DCM
I963152,301_S_6224,CN,F,76,sc,MRI,Sagittal 3D Accelerated MPRAGE,Original,2/13/2018,DCM
I989757,301_S_6326,CN,M,76,sc,MRI,Sagittal 3D Accelerated MPRAGE,Original,4/26/2018,DCM
I1020325,301_S_6501,CN,F,74,sc,MRI,Sagittal 3D Accelerated MPRAGE,Original,7/12/2018,DCM
I958026,305_S_6157,CN,F,68,sc,MRI,Sagittal 3D Accelerated MPRAGE,Original,1/26/2018,DCM
I968581,305_S_6188,CN,F,66,sc,MRI,Sagittal 3D Accelerated MPRAGE,Original,2/27/2018,DCM
I984775,305_S_6313,CN,F,59,sc,MRI,Sagittal 3D Accelerated MPRAGE,Original,4/11/2018,DCM
I1010091,305_S_6438,CN,F,72,sc,MRI,Sagittal 3D Accelerated MPRAGE,Original,6/12/2018,DCM
I1056183,341_S_6494,CN,M,66,sc,MRI,Accelerated Sagittal MPRAGE,Original,7/23/2018,DCM
I1092019,341_S_6653,CN,M,68,sc,MRI,Accelerated Sagittal MPRAGE,Original,12/19/2018,DCM
I37062,941_S_1194,CN,M,85,sc,MRI,MPRAGE,Original,1/20/2007,DCM
I38759,941_S_1195,CN,M,77,sc,MRI,MPRAGE,Original,2/8/2007,DCM
I37076,941_S_1197,CN,F,82,sc,MRI,MPRAGE,Original,1/20/2007,DCM
I37701,941_S_1202,CN,M,78,sc,MRI,MPRAGE,Original,1/30/2007,DCM
I37688,941_S_1203,CN,M,83,sc,MRI,MPRAGE,Original,1/29/2007,DCM
I240920,941_S_4066,CN,F,79,v02,MRI,MPRAGE,Original,6/17/2011,DCM
I245771,941_S_4100,CN,F,79,v02,MRI,MPRAGE,Original,7/18/2011,DCM
I259907,941_S_4255,CN,M,73,v02,MRI,MPRAGE,Original,10/7/2011,DCM
I269843,941_S_4292,CN,M,71,v02,MRI,MPRAGE,Original,12/5/2011,DCM
I269096,941_S_4365,CN,M,80,v02,MRI,MPRAGE,Original,11/22/2011,DCM
I269043,941_S_4376,CN,F,76,v02,MRI,MPRAGE,Original,6/1/2011,DCM
I872975,941_S_6044,CN,F,75,sc,MRI,Accelerated Sagittal MPRAGE,Original,7/10/2017,DCM
I880643,941_S_6054,CN,F,79,sc,MRI,Accelerated Sagittal MPRAGE,Original,7/28/2017,DCM
I884964,941_S_6058,CN,F,68,sc,MRI,Accelerated Sagittal MPRAGE,Original,8/9/2017,DCM
I913233,941_S_6080,CN,F,77,sc,MRI,Accelerated Sagittal MPRAGE,Original,9/29/2017,DCM
I921879,941_S_6094,CN,F,70,sc,MRI,Accelerated Sagittal MPRAGE,Original,10/23/2017,DCM
I1170562,941_S_6254,CN,M,69,sc,MRI,Accelerated Sagittal MPRAGE,Original,5/15/2019,DCM
I1004681,941_S_6333,CN,M,78,sc,MRI,Accelerated Sagittal MPRAGE,Original,5/1/2018,DCM
I1005122,941_S_6384,CN,M,70,sc,MRI,Accelerated Sagittal MPRAGE,Original,5/30/2018,DCM
I1010650,941_S_6422,CN,F,66,sc,MRI,Accelerated Sagittal MPRAGE,Original,6/13/2018,DCM
I1014117,941_S_6454,CN,F,72,sc,MRI,Accelerated Sagittal MPRAGE,Original,6/27/2018,DCM
I1016136,941_S_6471,CN,M,72,sc,MRI,Accelerated Sagittal MPRAGE,Original,7/2/2018,DCM
I1021968,941_S_6495,CN,F,83,sc,MRI,Accelerated Sagittal MPRAGE,Original,7/17/2018,DCM
I1022057,941_S_6496,CN,M,85,sc,MRI,Accelerated Sagittal MPRAGE,Original,7/17/2018,DCM
I1023542,941_S_6499,CN,F,69,sc,MRI,Accelerated Sagittal MPRAGE,Original,7/17/2018,DCM
I1027315,941_S_6514,CN,F,74,sc,MRI,Accelerated Sagittal MPRAGE,Original,7/24/2018,DCM
I1034852,941_S_6546,CN,F,80,sc,MRI,Accelerated Sagittal MPRAGE,Original,8/8/2018,DCM
I1044538,941_S_6570,CN,M,71,sc,MRI,Accelerated Sagittal MPRAGE,Original,8/31/2018,DCM
I1046899,941_S_6574,CN,F,73,sc,MRI,3D MPRAGE,Original,9/7/2018,DCM
I1045984,941_S_6575,CN,M,73,sc,MRI,Accelerated Sagittal MPRAGE,Original,9/5/2018,DCM
I1046736,941_S_6580,CN,F,80,sc,MRI,Accelerated Sagittal MPRAGE,Original,9/7/2018,DCM
I1048378,941_S_6581,CN,F,74,sc,MRI,Accelerated Sagittal MPRAGE,Original,9/12/2018,DCM
I1486321,941_S_6998,CN,M,57,sc,MRI,Accelerated Sagittal MPRAGE,Original,8/30/2021,DCM
I1553931,941_S_7046,CN,F,71,sc,MRI,Accelerated Sagittal MPRAGE,Original,3/8/2022,DCM
I1553005,941_S_7051,CN,M,64,sc,MRI,Accelerated Sagittal MPRAGE,Original,3/7/2022,DCM
I1588331,941_S_7074,CN,M,71,sc,MRI,Accelerated Sagittal MPRAGE,Original,5/3/2022,DCM
